-- =================================================================
-- Generated by scripts/seed-upload-files.ts
-- Do not edit manually.
-- Re-run the script to regenerate.
-- =================================================================

-- ── Fonts ──────────────────────────────────────────────────────

INSERT INTO pdf_fonts (id, name, family, variant, file_url, file_key, file_size)
VALUES
  ('e7cc3727-b0bd-4149-8430-f10420608204', 'Kalam.ttf', 'Kalam', 'regular', 'https://b6tsg0oc7p.ufs.sh/f/61T08Xqk28nsda5KWLSCOw6X5z02MxAlnuUvsB4yqRFiImfY', '61T08Xqk28nsda5KWLSCOw6X5z02MxAlnuUvsB4yqRFiImfY', 427336),
  ('bc6fef9d-72c6-4373-8ba6-25367f5a6498', 'Kalam-700.ttf', 'Kalam', '700', 'https://b6tsg0oc7p.ufs.sh/f/61T08Xqk28nsROzPIUnvhjgSLompXH5zB8aEG3UAKckCP9wr', '61T08Xqk28nsROzPIUnvhjgSLompXH5zB8aEG3UAKckCP9wr', 460872),
  ('e63e5834-cb01-42fd-81ba-bba46491fa05', 'Martian Mono-500.ttf', 'Martian Mono', '500', 'https://b6tsg0oc7p.ufs.sh/f/61T08Xqk28nsgZlpZLtDPFYARTp8Wt0MkwcbXqnf4jOzH7IV', '61T08Xqk28nsgZlpZLtDPFYARTp8Wt0MkwcbXqnf4jOzH7IV', 48364),
  ('bb993d78-fab2-49a0-8b18-a83b3bc6be7e', 'Open Sans-600.ttf', 'Open Sans', '600', 'https://b6tsg0oc7p.ufs.sh/f/61T08Xqk28nsYxr3VRsNgScA8odtKjxabRIq7TXGP5WEQihr', '61T08Xqk28nsYxr3VRsNgScA8odtKjxabRIq7TXGP5WEQihr', 130760),
  ('973350f8-724c-442e-8549-1f5797c94053', 'Jacques Francois.ttf', 'Jacques Francois', 'regular', 'https://b6tsg0oc7p.ufs.sh/f/61T08Xqk28nszs0crzaBUI2KEwGPSj6DhXT1tF8ZNardkCsu', '61T08Xqk28nszs0crzaBUI2KEwGPSj6DhXT1tF8ZNardkCsu', 58856);

-- Template: Dark Navy Gold Border Certificate
INSERT INTO pdf_templates (id, name, description, file_url, file_key)
VALUES ('469198a6-43cd-4137-884c-e741acb2a4fd', 'Dark Navy Gold Border Certificate', 'An elegant certificate with a dark navy background, gold decorative border frame, gold star badge, QR code verification, and classic serif typography. Available in landscape and portrait orientations.', 'https://b6tsg0oc7p.ufs.sh/f/61T08Xqk28nsk9lU0ydd7u2amAWxCQobrZSMsv4wqYcBD1K0', '61T08Xqk28nsk9lU0ydd7u2amAWxCQobrZSMsv4wqYcBD1K0');

-- Fields for: Dark Navy Gold Border Certificate
INSERT INTO pdf_template_fields (id, template_id, pdf_field_name, source_type, source_key, display_label, font_family, font_size, font_source, uploaded_font_key, font_id, is_enabled, custom_default_value, custom_overridable, sort_order, date_format, level_format, text_color, qr_dots_color, qr_bg_color, qr_dots_type, qr_corners_type, qr_corners_color, font_variant, multiline)
VALUES
  ('5008b968-6bf4-4537-8043-6721ff87e93a', '469198a6-43cd-4137-884c-e741acb2a4fd', '[certificateissued_on]', 'database', 'createdAt', '[certificateissued_on]', 'Martian Mono', 80, 'uploaded', '61T08Xqk28nsgZlpZLtDPFYARTp8Wt0MkwcbXqnf4jOzH7IV', 'e63e5834-cb01-42fd-81ba-bba46491fa05'::uuid, true, NULL, false, 0, 'gb', NULL, '#110024', '#1a1a2e', '#FFFFFF', 'rounded', 'square', '#1a1a2e', '500', false),
  ('3dfcb386-fa36-4c00-878f-85a5c012c628', '469198a6-43cd-4137-884c-e741acb2a4fd', '[certificateuuid]', 'database', 'slug', '[certificateuuid]', 'Martian Mono', 80, 'uploaded', '61T08Xqk28nsgZlpZLtDPFYARTp8Wt0MkwcbXqnf4jOzH7IV', 'e63e5834-cb01-42fd-81ba-bba46491fa05'::uuid, true, NULL, false, 1, NULL, NULL, '#110024', '#1a1a2e', '#FFFFFF', 'rounded', 'square', '#1a1a2e', '500', false),
  ('03108622-662f-4e87-8bbb-953bb5080234', '469198a6-43cd-4137-884c-e741acb2a4fd', '[masterclassdescription]', 'custom', NULL, '[masterclassdescription]', 'Kalam', 56, 'uploaded', '61T08Xqk28nsROzPIUnvhjgSLompXH5zB8aEG3UAKckCP9wr', 'bc6fef9d-72c6-4373-8ba6-25367f5a6498'::uuid, true, NULL, true, 2, NULL, NULL, '#6b7280', '#1a1a2e', '#FFFFFF', 'rounded', 'square', '#1a1a2e', '700', true),
  ('9047917d-3d75-4903-8041-b39e0ffe8a07', '469198a6-43cd-4137-884c-e741acb2a4fd', '[masterclassname]', 'custom', NULL, '[masterclassname]', 'Kalam', 156, 'uploaded', '61T08Xqk28nsda5KWLSCOw6X5z02MxAlnuUvsB4yqRFiImfY', 'e7cc3727-b0bd-4149-8430-f10420608204'::uuid, true, '', true, 3, NULL, NULL, '#110024', '#1a1a2e', '#FFFFFF', 'rounded', 'square', '#1a1a2e', 'regular', false),
  ('758ca9e8-e708-497d-891f-c8a5d6f92fcf', '469198a6-43cd-4137-884c-e741acb2a4fd', '[recipientname]', 'database', 'fullName', '[recipientname]', 'Kalam', 156, 'uploaded', '61T08Xqk28nsda5KWLSCOw6X5z02MxAlnuUvsB4yqRFiImfY', 'e7cc3727-b0bd-4149-8430-f10420608204'::uuid, true, NULL, false, 4, NULL, NULL, '#110024', '#1a1a2e', '#FFFFFF', 'rounded', 'square', '#1a1a2e', 'regular', false),
  ('e44e2c65-d277-48dc-8575-e77e63a203a8', '469198a6-43cd-4137-884c-e741acb2a4fd', 'qrCode', 'qr_code', NULL, 'qrCode', 'Inter', 12, 'google', NULL, NULL, true, NULL, false, 5, NULL, NULL, NULL, '#171110', 'transparent', 'tile', 'square', '#171110', 'regular', false);

-- Variant: Landscape (Dark Navy Gold Border Certificate)
INSERT INTO pdf_template_variants (id, template_id, name, file_url, file_key, sort_order)
VALUES ('147ae260-cf2e-4475-8b48-a067a9a2dbea', '469198a6-43cd-4137-884c-e741acb2a4fd', 'Landscape', 'https://b6tsg0oc7p.ufs.sh/f/61T08Xqk28nsk9lU0ydd7u2amAWxCQobrZSMsv4wqYcBD1K0', '61T08Xqk28nsk9lU0ydd7u2amAWxCQobrZSMsv4wqYcBD1K0', 0);

-- Variant: Portrait (Dark Navy Gold Border Certificate)
INSERT INTO pdf_template_variants (id, template_id, name, file_url, file_key, sort_order)
VALUES ('cb7e576f-8eeb-4f53-8f6c-079a0de15b4d', '469198a6-43cd-4137-884c-e741acb2a4fd', 'Portrait', 'https://b6tsg0oc7p.ufs.sh/f/61T08Xqk28nsIXN3eCbh8oezQbs7qimTEL9yJwYH3hBWSCfI', '61T08Xqk28nsIXN3eCbh8oezQbs7qimTEL9yJwYH3hBWSCfI', 1);

-- Template: Elegant Gold Recognition Certificate
INSERT INTO pdf_templates (id, name, description, file_url, file_key)
VALUES ('f237d764-c46a-4686-89c5-19e68a3bb002', 'Elegant Gold Recognition Certificate', 'A refined certificate of recognition featuring soft pink background, ornate gold corner decorations, classic serif typography, and QR code verification. Available in landscape and portrait orientations.', 'https://b6tsg0oc7p.ufs.sh/f/61T08Xqk28ns7x26IRFCOcwnGXWvl9j0BA1DUefrL3QNyigo', '61T08Xqk28ns7x26IRFCOcwnGXWvl9j0BA1DUefrL3QNyigo');

-- Fields for: Elegant Gold Recognition Certificate
INSERT INTO pdf_template_fields (id, template_id, pdf_field_name, source_type, source_key, display_label, font_family, font_size, font_source, uploaded_font_key, font_id, is_enabled, custom_default_value, custom_overridable, sort_order, date_format, level_format, text_color, qr_dots_color, qr_bg_color, qr_dots_type, qr_corners_type, qr_corners_color, font_variant, multiline)
VALUES
  ('799334cb-d9e4-4cca-89a6-875888afe480', 'f237d764-c46a-4686-89c5-19e68a3bb002', '[recipientname]', 'database', 'fullName', '[recipientname]', 'Jacques Francois', 120, 'uploaded', '61T08Xqk28nszs0crzaBUI2KEwGPSj6DhXT1tF8ZNardkCsu', '973350f8-724c-442e-8549-1f5797c94053'::uuid, true, NULL, false, 0, NULL, NULL, '#AD7C18', '#1a1a2e', '#FFFFFF', 'rounded', 'square', '#1a1a2e', 'regular', false),
  ('a4c96761-220a-4604-848f-80388125cebd', 'f237d764-c46a-4686-89c5-19e68a3bb002', '[certificateissued_on]', 'database', 'createdAt', '[certificateissued_on]', 'Open Sans', 80, 'uploaded', '61T08Xqk28nsYxr3VRsNgScA8odtKjxabRIq7TXGP5WEQihr', 'bb993d78-fab2-49a0-8b18-a83b3bc6be7e'::uuid, true, NULL, false, 1, 'gb', NULL, '#AD7C18', '#1a1a2e', '#FFFFFF', 'rounded', 'square', '#1a1a2e', '600', false),
  ('8db97f27-e5f9-43d9-8e35-53d685afec5c', 'f237d764-c46a-4686-89c5-19e68a3bb002', '[certificateuuid]', 'database', 'slug', '[certificateuuid]', 'Open Sans', 80, 'uploaded', '61T08Xqk28nsYxr3VRsNgScA8odtKjxabRIq7TXGP5WEQihr', 'bb993d78-fab2-49a0-8b18-a83b3bc6be7e'::uuid, true, NULL, false, 2, NULL, NULL, '#AD7C18', '#1a1a2e', '#FFFFFF', 'rounded', 'square', '#1a1a2e', '600', false),
  ('a0105963-c096-4121-8e17-187442da337c', 'f237d764-c46a-4686-89c5-19e68a3bb002', 'qrCode', 'qr_code', NULL, 'qrCode', 'Inter', 12, 'google', NULL, NULL, true, NULL, false, 3, NULL, NULL, NULL, '#AD7C18', 'transparent', 'fluid-line', 'rounded', '#AD7C18', 'regular', false);

-- Variant: Landscape (Elegant Gold Recognition Certificate)
INSERT INTO pdf_template_variants (id, template_id, name, file_url, file_key, sort_order)
VALUES ('3b154a61-f8a7-4744-8a3c-59ebfb7732a6', 'f237d764-c46a-4686-89c5-19e68a3bb002', 'Landscape', 'https://b6tsg0oc7p.ufs.sh/f/61T08Xqk28ns7x26IRFCOcwnGXWvl9j0BA1DUefrL3QNyigo', '61T08Xqk28ns7x26IRFCOcwnGXWvl9j0BA1DUefrL3QNyigo', 0);

-- Variant: Portrait (Elegant Gold Recognition Certificate)
INSERT INTO pdf_template_variants (id, template_id, name, file_url, file_key, sort_order)
VALUES ('da25f976-8d2a-41f8-837a-f3fb9dd78787', 'f237d764-c46a-4686-89c5-19e68a3bb002', 'Portrait', 'https://b6tsg0oc7p.ufs.sh/f/61T08Xqk28nsMAuFfwmu64gr2D8fUXPIeFWyZ1apLkjwb7mt', '61T08Xqk28nsMAuFfwmu64gr2D8fUXPIeFWyZ1apLkjwb7mt', 1);
