-- =================================================================
-- Generated by scripts/seed-upload-files.ts
-- Do not edit manually.
-- Re-run the script to regenerate.
-- =================================================================

-- ── Fonts ──────────────────────────────────────────────────────

INSERT INTO pdf_fonts (id, name, family, variant, file_url, file_key, file_size)
VALUES
  ('e7cc3727-b0bd-4149-8430-f10420608204', 'Kalam.ttf', 'Kalam', 'regular', 'https://b6tsg0oc7p.ufs.sh/f/61T08Xqk28nsx3uXKGZv76PcENtHerdwbXSYojZsO3IURAlp', '61T08Xqk28nsx3uXKGZv76PcENtHerdwbXSYojZsO3IURAlp', 427336),
  ('bc6fef9d-72c6-4373-8ba6-25367f5a6498', 'Kalam-700.ttf', 'Kalam', '700', 'https://b6tsg0oc7p.ufs.sh/f/61T08Xqk28nsvWBf9RC3GMf4hymJTaL89cZWErOx5FUujvz6', '61T08Xqk28nsvWBf9RC3GMf4hymJTaL89cZWErOx5FUujvz6', 460872),
  ('e63e5834-cb01-42fd-81ba-bba46491fa05', 'Martian Mono-500.ttf', 'Martian Mono', '500', 'https://b6tsg0oc7p.ufs.sh/f/61T08Xqk28nscGdTPBXUazFdSnHRPkWMZ7j3l9CY0OphE1X4', '61T08Xqk28nscGdTPBXUazFdSnHRPkWMZ7j3l9CY0OphE1X4', 48364),
  ('bb993d78-fab2-49a0-8b18-a83b3bc6be7e', 'Open Sans-600.ttf', 'Open Sans', '600', 'https://b6tsg0oc7p.ufs.sh/f/61T08Xqk28nsi7qDzBCo5OpAH1Eej3ofxMXq0wa6WZmYK2Pu', '61T08Xqk28nsi7qDzBCo5OpAH1Eej3ofxMXq0wa6WZmYK2Pu', 130760),
  ('973350f8-724c-442e-8549-1f5797c94053', 'Jacques Francois.ttf', 'Jacques Francois', 'regular', 'https://b6tsg0oc7p.ufs.sh/f/61T08Xqk28nsMl5iu4mu64gr2D8fUXPIeFWyZ1apLkjwb7mt', '61T08Xqk28nsMl5iu4mu64gr2D8fUXPIeFWyZ1apLkjwb7mt', 58856),
  ('cdf3262c-8923-4cbd-8665-bb8665f8ec78', 'Konkhmer Sleokchher.ttf', 'Konkhmer Sleokchher', 'regular', 'https://b6tsg0oc7p.ufs.sh/f/61T08Xqk28nsH5muHadMmsrIfeCPniJTLRKVoBxaFSNbtcdM', '61T08Xqk28nsH5muHadMmsrIfeCPniJTLRKVoBxaFSNbtcdM', 1745628),
  ('b5a1ea92-a507-4e91-8850-4a13d59b2d14', 'Yellowtail.ttf', 'Yellowtail', 'regular', 'https://b6tsg0oc7p.ufs.sh/f/61T08Xqk28nsu1v0ev4Ygb2z3tSoEwR71LmeMCx4ZN8yWnj9', '61T08Xqk28nsu1v0ev4Ygb2z3tSoEwR71LmeMCx4ZN8yWnj9', 60864);

-- Template: Dark Navy Gold Border Certificate
INSERT INTO pdf_templates (id, name, description, file_url, file_key, preview_url, preview_key)
VALUES ('469198a6-43cd-4137-884c-e741acb2a4fd', 'Dark Navy Gold Border Certificate', 'An elegant certificate with a dark navy background, gold decorative border frame, gold star badge, QR code verification, and classic serif typography. Available in landscape and portrait orientations.', 'https://b6tsg0oc7p.ufs.sh/f/61T08Xqk28nsRMEVZMnvhjgSLompXH5zB8aEG3UAKckCP9wr', '61T08Xqk28nsRMEVZMnvhjgSLompXH5zB8aEG3UAKckCP9wr', 'https://b6tsg0oc7p.ufs.sh/f/61T08Xqk28nsay50cxGhwZQMxDNPJudXVkAKly1TOr9FScCn', '61T08Xqk28nsay50cxGhwZQMxDNPJudXVkAKly1TOr9FScCn');

-- Fields for: Dark Navy Gold Border Certificate
INSERT INTO pdf_template_fields (id, template_id, pdf_field_name, source_type, source_key, display_label, font_family, font_size, font_source, uploaded_font_key, font_id, is_enabled, custom_default_value, custom_overridable, sort_order, date_format, level_format, text_color, qr_dots_color, qr_bg_color, qr_dots_type, qr_corners_type, qr_corners_color, font_variant, multiline)
VALUES
  ('5008b968-6bf4-4537-8043-6721ff87e93a', '469198a6-43cd-4137-884c-e741acb2a4fd', '[certificateissued_on]', 'database', 'createdAt', '[certificateissued_on]', 'Martian Mono', 80, 'uploaded', '61T08Xqk28nscGdTPBXUazFdSnHRPkWMZ7j3l9CY0OphE1X4', 'e63e5834-cb01-42fd-81ba-bba46491fa05'::uuid, true, NULL, false, 0, 'gb', NULL, '#110024', '#1a1a2e', '#FFFFFF', 'rounded', 'square', '#1a1a2e', '500', false),
  ('3dfcb386-fa36-4c00-878f-85a5c012c628', '469198a6-43cd-4137-884c-e741acb2a4fd', '[certificateuuid]', 'database', 'slug', '[certificateuuid]', 'Martian Mono', 80, 'uploaded', '61T08Xqk28nscGdTPBXUazFdSnHRPkWMZ7j3l9CY0OphE1X4', 'e63e5834-cb01-42fd-81ba-bba46491fa05'::uuid, true, NULL, false, 1, NULL, NULL, '#110024', '#1a1a2e', '#FFFFFF', 'rounded', 'square', '#1a1a2e', '500', false),
  ('03108622-662f-4e87-8bbb-953bb5080234', '469198a6-43cd-4137-884c-e741acb2a4fd', '[masterclassdescription]', 'custom', NULL, '[masterclassdescription]', 'Kalam', 56, 'uploaded', '61T08Xqk28nsvWBf9RC3GMf4hymJTaL89cZWErOx5FUujvz6', 'bc6fef9d-72c6-4373-8ba6-25367f5a6498'::uuid, true, NULL, true, 2, NULL, NULL, '#6b7280', '#1a1a2e', '#FFFFFF', 'rounded', 'square', '#1a1a2e', '700', true),
  ('9047917d-3d75-4903-8041-b39e0ffe8a07', '469198a6-43cd-4137-884c-e741acb2a4fd', '[masterclassname]', 'custom', NULL, '[masterclassname]', 'Kalam', 156, 'uploaded', '61T08Xqk28nsx3uXKGZv76PcENtHerdwbXSYojZsO3IURAlp', 'e7cc3727-b0bd-4149-8430-f10420608204'::uuid, true, '', true, 3, NULL, NULL, '#110024', '#1a1a2e', '#FFFFFF', 'rounded', 'square', '#1a1a2e', 'regular', false),
  ('758ca9e8-e708-497d-891f-c8a5d6f92fcf', '469198a6-43cd-4137-884c-e741acb2a4fd', '[recipientname]', 'database', 'fullName', '[recipientname]', 'Kalam', 156, 'uploaded', '61T08Xqk28nsx3uXKGZv76PcENtHerdwbXSYojZsO3IURAlp', 'e7cc3727-b0bd-4149-8430-f10420608204'::uuid, true, NULL, false, 4, NULL, NULL, '#110024', '#1a1a2e', '#FFFFFF', 'rounded', 'square', '#1a1a2e', 'regular', false),
  ('e44e2c65-d277-48dc-8575-e77e63a203a8', '469198a6-43cd-4137-884c-e741acb2a4fd', 'qrCode', 'qr_code', NULL, 'qrCode', 'Inter', 12, 'google', NULL, NULL, true, NULL, false, 5, NULL, NULL, NULL, '#171110', 'transparent', 'tile', 'square', '#171110', 'regular', false);

-- Variant: Landscape (Dark Navy Gold Border Certificate)
INSERT INTO pdf_template_variants (id, template_id, name, file_url, file_key, sort_order)
VALUES ('147ae260-cf2e-4475-8b48-a067a9a2dbea', '469198a6-43cd-4137-884c-e741acb2a4fd', 'Landscape', 'https://b6tsg0oc7p.ufs.sh/f/61T08Xqk28nsRMEVZMnvhjgSLompXH5zB8aEG3UAKckCP9wr', '61T08Xqk28nsRMEVZMnvhjgSLompXH5zB8aEG3UAKckCP9wr', 0);

-- Variant: Portrait (Dark Navy Gold Border Certificate)
INSERT INTO pdf_template_variants (id, template_id, name, file_url, file_key, sort_order)
VALUES ('cb7e576f-8eeb-4f53-8f6c-079a0de15b4d', '469198a6-43cd-4137-884c-e741acb2a4fd', 'Portrait', 'https://b6tsg0oc7p.ufs.sh/f/61T08Xqk28nspf6i1iWsyvcZmd9KIzF3gMB6AETk8h5Drn2o', '61T08Xqk28nspf6i1iWsyvcZmd9KIzF3gMB6AETk8h5Drn2o', 1);

-- Template: Elegant Gold Recognition Certificate
INSERT INTO pdf_templates (id, name, description, file_url, file_key, preview_url, preview_key)
VALUES ('f237d764-c46a-4686-89c5-19e68a3bb002', 'Elegant Gold Recognition Certificate', 'A refined certificate of recognition featuring soft pink background, ornate gold corner decorations, classic serif typography, and QR code verification. Available in landscape and portrait orientations.', 'https://b6tsg0oc7p.ufs.sh/f/61T08Xqk28nsE6ZeyOHS3len7VJT0IRWMP1Ozix9FB5cuNsg', '61T08Xqk28nsE6ZeyOHS3len7VJT0IRWMP1Ozix9FB5cuNsg', 'https://b6tsg0oc7p.ufs.sh/f/61T08Xqk28nsmBQAaX25I6jUcVSkPTfobCD1zGEZ2riAqlF9', '61T08Xqk28nsmBQAaX25I6jUcVSkPTfobCD1zGEZ2riAqlF9');

-- Fields for: Elegant Gold Recognition Certificate
INSERT INTO pdf_template_fields (id, template_id, pdf_field_name, source_type, source_key, display_label, font_family, font_size, font_source, uploaded_font_key, font_id, is_enabled, custom_default_value, custom_overridable, sort_order, date_format, level_format, text_color, qr_dots_color, qr_bg_color, qr_dots_type, qr_corners_type, qr_corners_color, font_variant, multiline)
VALUES
  ('799334cb-d9e4-4cca-89a6-875888afe480', 'f237d764-c46a-4686-89c5-19e68a3bb002', '[recipientname]', 'database', 'fullName', '[recipientname]', 'Jacques Francois', 120, 'uploaded', '61T08Xqk28nsMl5iu4mu64gr2D8fUXPIeFWyZ1apLkjwb7mt', '973350f8-724c-442e-8549-1f5797c94053'::uuid, true, NULL, false, 0, NULL, NULL, '#AD7C18', '#1a1a2e', '#FFFFFF', 'rounded', 'square', '#1a1a2e', 'regular', false),
  ('a4c96761-220a-4604-848f-80388125cebd', 'f237d764-c46a-4686-89c5-19e68a3bb002', '[certificateissued_on]', 'database', 'createdAt', '[certificateissued_on]', 'Open Sans', 80, 'uploaded', '61T08Xqk28nsi7qDzBCo5OpAH1Eej3ofxMXq0wa6WZmYK2Pu', 'bb993d78-fab2-49a0-8b18-a83b3bc6be7e'::uuid, true, NULL, false, 1, 'gb', NULL, '#AD7C18', '#1a1a2e', '#FFFFFF', 'rounded', 'square', '#1a1a2e', '600', false),
  ('8db97f27-e5f9-43d9-8e35-53d685afec5c', 'f237d764-c46a-4686-89c5-19e68a3bb002', '[certificateuuid]', 'database', 'slug', '[certificateuuid]', 'Open Sans', 80, 'uploaded', '61T08Xqk28nsi7qDzBCo5OpAH1Eej3ofxMXq0wa6WZmYK2Pu', 'bb993d78-fab2-49a0-8b18-a83b3bc6be7e'::uuid, true, NULL, false, 2, NULL, NULL, '#AD7C18', '#1a1a2e', '#FFFFFF', 'rounded', 'square', '#1a1a2e', '600', false),
  ('a0105963-c096-4121-8e17-187442da337c', 'f237d764-c46a-4686-89c5-19e68a3bb002', 'qrCode', 'qr_code', NULL, 'qrCode', 'Inter', 12, 'google', NULL, NULL, true, NULL, false, 3, NULL, NULL, NULL, '#AD7C18', 'transparent', 'fluid-line', 'rounded', '#AD7C18', 'regular', false);

-- Variant: Landscape (Elegant Gold Recognition Certificate)
INSERT INTO pdf_template_variants (id, template_id, name, file_url, file_key, sort_order)
VALUES ('3b154a61-f8a7-4744-8a3c-59ebfb7732a6', 'f237d764-c46a-4686-89c5-19e68a3bb002', 'Landscape', 'https://b6tsg0oc7p.ufs.sh/f/61T08Xqk28nsE6ZeyOHS3len7VJT0IRWMP1Ozix9FB5cuNsg', '61T08Xqk28nsE6ZeyOHS3len7VJT0IRWMP1Ozix9FB5cuNsg', 0);

-- Variant: Portrait (Elegant Gold Recognition Certificate)
INSERT INTO pdf_template_variants (id, template_id, name, file_url, file_key, sort_order)
VALUES ('da25f976-8d2a-41f8-837a-f3fb9dd78787', 'f237d764-c46a-4686-89c5-19e68a3bb002', 'Portrait', 'https://b6tsg0oc7p.ufs.sh/f/61T08Xqk28nsdWPDMGSCOw6X5z02MxAlnuUvsB4yqRFiImfY', '61T08Xqk28nsdWPDMGSCOw6X5z02MxAlnuUvsB4yqRFiImfY', 1);

-- Template: Professional Leadership Achievement Certificate
INSERT INTO pdf_templates (id, name, description, file_url, file_key, preview_url, preview_key)
VALUES ('8466ac10-dc70-455c-8956-2444b9f7dd73', 'Professional Leadership Achievement Certificate', 'Clean leadership certificate template with blue decorative borders, dual signature fields, and QR verification. Ideal for management training, leadership programs, and professional development courses. A perfect Certificate of Leadership template.', 'https://b6tsg0oc7p.ufs.sh/f/61T08Xqk28nsIQGrqjh8oezQbs7qimTEL9yJwYH3hBWSCfIv', '61T08Xqk28nsIQGrqjh8oezQbs7qimTEL9yJwYH3hBWSCfIv', 'https://b6tsg0oc7p.ufs.sh/f/61T08Xqk28nsobNnOW9aRH7pWTklCDGN45vhUBe86t3dsjgV', '61T08Xqk28nsobNnOW9aRH7pWTklCDGN45vhUBe86t3dsjgV');

-- Fields for: Professional Leadership Achievement Certificate
INSERT INTO pdf_template_fields (id, template_id, pdf_field_name, source_type, source_key, display_label, font_family, font_size, font_source, uploaded_font_key, font_id, is_enabled, custom_default_value, custom_overridable, sort_order, date_format, level_format, text_color, qr_dots_color, qr_bg_color, qr_dots_type, qr_corners_type, qr_corners_color, font_variant, multiline)
VALUES
  ('0dc198c9-0f1f-42ec-844e-d70bdbcf44bd', '8466ac10-dc70-455c-8956-2444b9f7dd73', '[certificateuuid]', 'database', 'slug', '[certificateuuid]', 'Konkhmer Sleokchher', 64, 'uploaded', '61T08Xqk28nsH5muHadMmsrIfeCPniJTLRKVoBxaFSNbtcdM', 'cdf3262c-8923-4cbd-8665-bb8665f8ec78'::uuid, true, NULL, false, 0, NULL, NULL, '#FFFFFF', '#1a1a2e', '#FFFFFF', 'rounded', 'square', '#1a1a2e', 'regular', false),
  ('34238646-78dc-4450-8c55-803d5961c491', '8466ac10-dc70-455c-8956-2444b9f7dd73', '[certificateissued_on]', 'database', 'createdAt', '[certificateissued_on]', 'Konkhmer Sleokchher', 64, 'uploaded', '61T08Xqk28nsH5muHadMmsrIfeCPniJTLRKVoBxaFSNbtcdM', 'cdf3262c-8923-4cbd-8665-bb8665f8ec78'::uuid, true, NULL, false, 1, 'gb', NULL, '#FFFFFF', '#1a1a2e', '#FFFFFF', 'rounded', 'square', '#1a1a2e', 'regular', false),
  ('465fd380-6ee4-4f4a-8bd2-9e0d86bec5cf', '8466ac10-dc70-455c-8956-2444b9f7dd73', '[recipientname]', 'database', 'fullName', '[recipientname]', 'Jacques Francois', 200, 'uploaded', '61T08Xqk28nsMl5iu4mu64gr2D8fUXPIeFWyZ1apLkjwb7mt', '973350f8-724c-442e-8549-1f5797c94053'::uuid, true, NULL, false, 2, NULL, NULL, '#484747', '#1a1a2e', '#FFFFFF', 'rounded', 'square', '#1a1a2e', 'regular', false),
  ('51327c29-b603-43f8-8cb8-6eb372b5a952', '8466ac10-dc70-455c-8956-2444b9f7dd73', '[facilitatorName]', 'custom', NULL, '[facilitatorName]', 'Yellowtail', 100, 'uploaded', '61T08Xqk28nsu1v0ev4Ygb2z3tSoEwR71LmeMCx4ZN8yWnj9', 'b5a1ea92-a507-4e91-8850-4a13d59b2d14'::uuid, true, '', true, 3, NULL, NULL, '#484747', '#1a1a2e', '#FFFFFF', 'rounded', 'square', '#1a1a2e', 'regular', false),
  ('012ad24b-9e97-43cb-8007-d64dfa6e84f4', '8466ac10-dc70-455c-8956-2444b9f7dd73', '[coordinatorName]', 'custom', NULL, '[coordinatorName]', 'Yellowtail', 100, 'uploaded', '61T08Xqk28nsu1v0ev4Ygb2z3tSoEwR71LmeMCx4ZN8yWnj9', 'b5a1ea92-a507-4e91-8850-4a13d59b2d14'::uuid, true, '', true, 4, NULL, NULL, '#484747', '#1a1a2e', '#FFFFFF', 'rounded', 'square', '#1a1a2e', 'regular', false),
  ('45aa0287-6d37-4837-8c0b-78ad78fce5fc', '8466ac10-dc70-455c-8956-2444b9f7dd73', 'qrCode', 'qr_code', NULL, 'qrCode', 'Inter', 12, 'google', NULL, NULL, true, NULL, false, 5, NULL, NULL, NULL, '#1a1a2e', 'transparent', 'tile', 'square', '#1a1a2e', 'regular', false);

-- Variant: Landscape (Professional Leadership Achievement Certificate)
INSERT INTO pdf_template_variants (id, template_id, name, file_url, file_key, sort_order)
VALUES ('63fe1f26-b71a-4b79-8c45-04464459c143', '8466ac10-dc70-455c-8956-2444b9f7dd73', 'Landscape', 'https://b6tsg0oc7p.ufs.sh/f/61T08Xqk28nsIQGrqjh8oezQbs7qimTEL9yJwYH3hBWSCfIv', '61T08Xqk28nsIQGrqjh8oezQbs7qimTEL9yJwYH3hBWSCfIv', 0);

-- Variant: Portrait (Professional Leadership Achievement Certificate)
INSERT INTO pdf_template_variants (id, template_id, name, file_url, file_key, sort_order)
VALUES ('935ad3f9-f284-459d-82f5-f4bef68ea7e8', '8466ac10-dc70-455c-8956-2444b9f7dd73', 'Portrait', 'https://b6tsg0oc7p.ufs.sh/f/61T08Xqk28nswMZY4faEo15XxapBlynJEIhfm08QvLSw9ibj', '61T08Xqk28nswMZY4faEo15XxapBlynJEIhfm08QvLSw9ibj', 1);
